CODICE ARTICOLO E IMMAGINE PRODOTTO;           DESCRIZIONE;SPECIFICHE;FORMATO CARTONE;UNITA DI VENDITA;COSTO;IVA;CATEGORIA;LINK IMMAGINE;COSTO AL METRO
A1002;DEODORANTE  SPRAY  300 ml  AROMA LAVANDA;profumazione lavanda;12PZ X 300ML;PZ;1,55;0,22;DETERGENTI DISINFETTANTI;http://www.raines.it/?q=node/375;
A1005;AMUCHINA GEL PRESIDIO MEDICO CHIRURGICO 500 ml;Gel igienizzante incolore;12 PZ X 500ML;PZ;4,8;0,05;DETERGENTI DISINFETTANTI;http://www.raines.it/?q=node/650;
A1007;ADOCH MARSIGLIA DETERGENTE SANIFICANTE Lt.5;detergente-sanificante profumazione marsiglia ;4 TN X 5LT;TA;12;0,22;DETERGENTI DISINFETTANTI;http://www.raines.it/?q=node/313;
A1009;ANTISAPRIL AMUCHINA P.M.C. DETERGENTE BLU Lt.1;detergente base cloro - presidio medico chirurgico-;12 PZ X 1LT;LT;3,9;0,22;DETERGENTI DISINFETTANTI;http://www.raines.it/?q=node/654;
A1010;AMUCHINA SUPERFICI SPRAY P.M.C. DISINF. 750 ml;disinfettante spray multisuperfici - presidio medico chirurgico-;12 PZ X      750 ML;PZ;2,9;0,22;DETERGENTI DISINFETTANTI;http://www.raines.it/?q=node/329;
A1013;ANTISAPRIL AMUCHINA P.M.C.  DISINF. VERDE Lt.1;disinfettante base cloro - presidio medico chirurgico-;12 PZ X 1LT;LT;3,9;0,22;DETERGENTI DISINFETTANTI;http://www.raines.it/?q=node/655;
A1019;AMUCHINA MENSOLA PER GEL  500 ml;;1 PZ;PZ;3;0,05;DETERGENTI DISINFETTANTI;http://www.raines.it/?q=node/651;
A1030;TEKAL DISINCROSTANTE PER LAVASTOVIGLIE  Kg.11;acido specifico per lavastoviglie ;KG 12;TA;24,8;0,22;DETERGENTI DISINFETTANTI;http://www.raines.it/?q=node/357;
A1031;AID-SPOT BRILLANTANTE CONCENTRATO PER LAVASTOVIGLIE Kg.10;brillantante per lavastoviglie;KG 10;TA;26;0,22;DETERGENTI DISINFETTANTI;http://www.raines.it/?q=node/356;
A1032;BIG MATIC DETERSIVO LAVASTOVIGLIE  Kg 12;detergente per lavastoviglie;KG 10;TA;32;0,22;DETERGENTI DISINFETTANTI;http://www.raines.it/?q=node/355;
A1038;ALKAL MATIC PAVIMENTI SPECIFICO PER  LAVASCIUGA Lt.1;detergente antischiuma  per macchine lavasciuga ;12 PZ X 1LT;LT   ;3,9;0,22;DETERGENTI DISINFETTANTI;http://www.raines.it/?q=node/303;
A1043;EVERCLEAN DETERGENTE NEUTRO PROFUMATO  Lt.1;detergente pavimenti a rapida evaporazione ;12 PZ X 1LT;LT;3,2;0,22;DETERGENTI DISINFETTANTI;http://www.raines.it/?q=node/307;
A1045;LIMPO BREZZA PROFUMATORE IGIENIZZANTE Lt.1;detergente pavmenti ad alta profumazione;12 PZ X 1LT;LT;4,4;0,22;DETERGENTI DISINFETTANTI;http://www.raines.it/?q=node/308;
A1051;PAPERO BLU DISINCROSTANTE PER WC 750 ml;Acido detartarizzante specifico per WC ;16 PZ X      750 ML;PZ;1,8;0,22;DETERGENTI DISINFETTANTI;http://www.raines.it/?q=node/335;
A1053;41A DISINCROSTANTE ANTICALCARE PROFUMATO, IDEALE PER SERVIZI IGIENICI E RUBINETTERIE Lt.1;Disincrostante professionale profumato;12 PZ X 1LT;LT;3,5;0,22;DETERGENTI DISINFETTANTI;http://www.raines.it/?q=node/332;
A1055;DISGORGANTE LIQUIDO PROFESSIONALE  Lt. 1;Specifico per tubazioni;12 PZ X 1LT;LT;3;0,22;DETERGENTI DISINFETTANTI;http://www.raines.it/?q=node/334;
A1056;AMUCHINA GEL MANI PRESIDIO MEDICO CHIRURGICO Lt.5;Gel igienizzante incolore;2 TN X 5 LT;TA;28;0,05;DETERGENTI DISINFETTANTI;http://www.raines.it/?q=node/652;
A1062;DET POLISH SGRASSATORE SPRAY MULTIUSO 750 ml;Sgrassatore universale ;12 PZ X      750 ML;PZ;2,6;0,22;DETERGENTI DISINFETTANTI;http://www.raines.it/?q=node/338;
A1064;SPECIAL MULTIUSO ALCOLICO PROF. 750ml;Rapida evaporazione ottimo su vetri e specchi;12 PZ X      750 ML;PZ;1,5;0,22;DETERGENTI DISINFETTANTI;http://www.raines.it/?q=node/594;
A1065;BIT ORIGINALE DETERGENTE SPECIFICO PER INCHIOSTRI ML. 750;Specifico per inchiostro e pennarelli;12 PZ X      750 ML;PZ;2,9;0,22;DETERGENTI DISINFETTANTI;http://www.raines.it/?q=node/340;
A1070;BIT CLEAN SPRAY DETERGENTE SPECIFICO PER PC, TASTIERE 750ml;Rapida evaporazione ottimo su monitor e tastiere;12 PZ X      750 ML;PZ;3,2;0,22;DETERGENTI DISINFETTANTI;http://www.raines.it/?q=node/342;
A1073;ALKAL DETERGENTE PAVIMENTI PROFUMATO Lt.2;Detergente pavimenti profumato;9 TN X 2 LT;PZ;2;0,22;DETERGENTI DISINFETTANTI;http://www.raines.it/?q=node/301;
A1078;INSETTICIDA MOSCHE E ZANZARE PROF. 400ml;Insetticida spray;12 PZ X 400ML;PZ;2,9;0,22;DETERGENTI DISINFETTANTI;http://www.raines.it/?q=node/703;
A1083;TORDEN TABS COMPRESSE EFFERVESCENTI CLOROATTIVE CONF. KG. 1 ( 295 COMPRESSE ) - 3.4gr.Kg1;Ottima alternativa alla candeggina;6 CF x 295 caps;CF;16;0,22;DETERGENTI DISINFETTANTI;http://www.raines.it/?q=node/363;
A1097;INSETTICIDA SPRAY SCARAFAGGI/FORMIC. 400;Insetticida spray;12 PZ X 400ML;PZ;3,2;0,22;DETERGENTI DISINFETTANTI;http://www.raines.it/?q=node/704;
A1100;STERI BIG LAVAMANI CREMA Lt.1 C/DOSATORE;Sapone neutro per mani;12 PZ X 1LT;LT;1,6;0,22;DETERGENTI DISINFETTANTI;http://www.raines.it/?q=node/408;
A1122;CLORIDET DETERGENTE IGIENIZZANTE Lt. 1;Igienizzante molto profumato;12 PZ X 1LT;LT;1,7;0,22;DETERGENTI DISINFETTANTI;http://www.raines.it/?q=node/694;
A1133;MANGIAPOLVERE ANTISTATICO SPRAY  300 ml;Bombola Spray antipolvere;12 PZ X 300ML;PZ;1,75;0,22;DETERGENTI DISINFETTANTI;http://www.raines.it/?q=node/379;
A1152;SPOT DETERGENTE SCIOGLICALCARE  IGIENIZZANTE PER BAGNI SPRAY 750 ML;Spray per bagni alta profumazione;12 PZ X      750 ML;PZ;2,95;0,22;DETERGENTI DISINFETTANTI;http://www.raines.it/?q=node/337;
A1153;INOX  SPRAY LUCIDANTE ACCIAIO 500 ml;Specifico per Lucidatura ;12 PZ X      500 ML;PZ;1;0,22;DETERGENTI DISINFETTANTI;http://www.raines.it/?q=node/371;
A1161;ALCOOL ETILICO DENATURATO 90° CONF. PZ.12X1 LT.;Alcool etilico 90° ;12 PZ X 1LT;CF;28;0,22;DETERGENTI DISINFETTANTI;http://www.raines.it/?q=node/370;
A1162;AMMONIACA PROFUMATA  CONF. PZ. 12X1 LT.;Ammonica Classica;12 PZ X 1LT;CF;7,5;0,22;DETERGENTI DISINFETTANTI;http://www.raines.it/?q=node/646;
A1169;AMUCHINA SAPONE IGIENIZZANTE MANI 5L;Sapone igienizzante mani;2 TN X 5 LT;TA;18;0,22;DETERGENTI DISINFETTANTI;http://www.raines.it/?q=node/709;
A1172;GRILL DISINCROSTANTE x FORNI E PIASTRE Kg. 5;Ideale contro sporchi carbonizzati ;4 TN X 5LT;TA;17;0,22;DETERGENTI DISINFETTANTI;http://www.raines.it/?q=node/645;
A1175;STRIPPING DECERANTE  Kg. 10;Decerante per pavimenti;TN 10 LT;TA;35;0,22;DETERGENTI DISINFETTANTI;http://www.raines.it/?q=node/318;
A1179;BIO BIG CANDEGGINA GEL CONF. PZ. 16x750 ML;Ottimo su sanitari;12 PZ X      750 ML;CF;19,8;0,22;DETERGENTI DISINFETTANTI;http://www.raines.it/?q=node/669;
A1181;STARK ACIDO TAMPONATO PROFESSIONALE Kg.  10;Acido Tamponato ad elevate prestazioni;TN 10 LT;TA;22;0,22;DETERGENTI DISINFETTANTI;http://www.raines.it/?q=node/336;
A1183;FOAM ALKAL SHAMPOO MOQUETTES Kg.  10;;;TA;26;0,22;DETERGENTI DISINFETTANTI;http://www.raines.it/?q=node/354;
A1190;BIOBIG  CANDEGGINA  SPRAY  CONF. PZ. 12x750 ML.;Ottimo su sanitari;12 PZ X      750 ML;CF;19,2;0,22;DETERGENTI DISINFETTANTI;http://www.raines.it/?q=node/364;
A1191;CANDEGGINA ALCE PROFUMATA  CONF. PZ. 9x2 LT.;Candeggina professionale;9 TN X 2 LT;CT;9,8;0,22;DETERGENTI DISINFETTANTI;http://www.raines.it/?q=node/365;
A1192;AMUCHINA 100  %  DISINFETTANTE PRESIDIO MEDICO 500 ml;;;PZ;5,5;0,22;DETERGENTI DISINFETTANTI;http://www.raines.it/?q=node/710;
A1193;CANDEGGINA  ALCE CONF. PZ. 4x5 LT.;candeggina professionale;4 TN X 5LT;CF;8,5;0,22;DETERGENTI DISINFETTANTI;http://www.raines.it/?q=node/366;
A1206;STERI BIG LAVAMANI CREMA PH/NEUTRO Lt.5;Sapone neutro per mani;4 TN X 5LT;TA;6,2;0,22;DETERGENTI DISINFETTANTI;http://www.raines.it/?q=node/412;
A1213;LEMON  PIATTI  LIQUIDO  Lt.5;Lavaggio manuale piatti e stoviglie;4 TN X 5LT;TA;3,2;0,22;DETERGENTI DISINFETTANTI;http://www.raines.it/?q=node/359;
A1214;SCELGO PIATTI LIMONE LT.1;Lavaggio manuale piatti e stoviglie;12 PZ X 1LT;PZ;1,2;0,22;DETERGENTI DISINFETTANTI;http://www.raines.it/?q=node/358;
A1216;LAVATRICE LIQUIDO CONCENTRATO PLUS  Lt. 5;Sapone bucato per lavatrici ;4 TN X 5LT;TA;22;0,22;DETERGENTI DISINFETTANTI;http://www.raines.it/?q=node/361;
A1217;AMMORBIDENTE  PROFUMATO SOFTEX Lt.5;Ammorbidente per lavatrici;4 TN X 5LT;TA;11;0,22;DETERGENTI DISINFETTANTI;http://www.raines.it/?q=node/362;
A1218;TIXAN X 5KG DET. PAV. ANTISCIVOLO/GRES;Ideale anche su pavimenti antiscivolo o porosi;4 TN X 5LT;TA;20;0,22;DETERGENTI DISINFETTANTI;http://www.raines.it/?q=node/316;
A1219;AGGRESSORE DETERGENTE SGRASSANTE Lt.5;Ideale per eliminare tracce di colla dai pavimenti;4 TN X 5LT;TA;18;0,22;DETERGENTI DISINFETTANTI;http://www.raines.it/?q=node/310;
A1221;SUPER  METAL  WAX CERA METALLIZZATA AUTOLUCIDANTE  Lt .5;Cera autolucidante;4 TN X 5LT;TA;34;0,22;DETERGENTI DISINFETTANTI;http://www.raines.it/?q=node/347;
A1224;ULTRA WAX CERA METALLIZZATA AD ALTA CONCENTRAZIONE Lt.5;Cera alte prestazioni;4 TN X 5LT;TA;38;0,22;DETERGENTI DISINFETTANTI;http://www.raines.it/?q=node/350;
A1226;NETTIGE ATTIVATORE BIO.DISGORGANTE,   Lt.1;Attivatore biologico contro cattivi odori;12 PZ X 1LT;LT;6;0,22;DETERGENTI DISINFETTANTI;http://www.raines.it/?q=node/327;
A1236;SPRAY AMUCHINA DISINFETTANTE VIRUCIDA PRESIDIO MEDICO CHIRURGICO  400 ML;Ottimo per igienizzare postazioni PC ;12 PZ X 400ML;PZ   ;5,9;0,22;DETERGENTI DISINFETTANTI;;
A1283;SAFEN PLUS X 750ML PMC DISINFETTANTE;Profumazione menta ;12 PZ X      750 ML;PZ;3,7;0,22;DETERGENTI DISINFETTANTI;;
A1284;SAFEN PLUS X 5LT  PMC DISINFETTANTE;Profumazione menta ;4 TN X 5LT;TA;9,5;0,22;DETERGENTI DISINFETTANTI;;
A1820;BIT ORIGINALE DETERGENTE SPECIFICO PER INCHIOSTRI  Lt.5;Specifico per inchiostro e pennarelli;4 TN X 5LT;TA;13;0,22;DETERGENTI DISINFETTANTI;http://www.raines.it/?q=node/341;
A1247;ACIDO TAMPONATO PROFUMATO LT 1;usare con attenzione;12 PZ X 1LT;PZ;1,2;0,22;DETERGENTI DISINFETTANTI;http://www.raines.it/?q=node/647;
F1127;SEGATURA ECOLOGIC IGIENIZ. LT20;;SACCO 20LT;SA;6,6;0,22;DETERGENTI DISINFETTANTI;http://www.raines.it/?q=node/368;
F1128;SEGATURA COMPOSTA IGIENIZZANTE  Lt.25;;BIDONE 25LT;CF;60;0,22;DETERGENTI DISINFETTANTI;http://www.raines.it/?q=node/367;
F1250;SAPONE A PEZZI MARSIGLIA gr. 250 x 2;;CF 2 X 250GR;CF;2,4;0,22;DETERGENTI DISINFETTANTI;http://www.raines.it/?q=node/414;
D1065;CARTA IGIENICA MAXI JUMBO PC 2V CF 6 x 350mt ;6 rotoli da 350mt ;6 pz;CF;19,5;0,22;CARTA E COMPLEMENTI BAGNO;http://www.raines.it/?q=node/110;0,0092
D1014;CARTA IGIENICA P.C. 2V 190S.20MT CF.8;1 conf = 8 rotoli da 20mt ;BALLA  12 conf. DA 8 PZ ;CF;1,85;0,22;CARTA E COMPLEMENTI BAGNO;http://www.raines.it/?q=node/681;
D1030;VELINE COSMETICHE P/CELL 2V. 100 pz;confezione da 100 pz ;CT 40 conf. Da 100pz;CF;1;0,22;CARTA E COMPLEMENTI BAGNO;http://www.raines.it/?q=node/123;
D1031;"ASCIUGAMANI A ""V"" 2V ECO 20x250fo";20 conf da 250 pz;5000 PZ ;CF;27;0,22;CARTA E COMPLEMENTI BAGNO;http://www.raines.it/?q=node/118;
D1033;CARTA IG. MONODI SILVER FASC. 24CFX4;24 conf. da 4 pz ;96 pz;CF;35;0,22;CARTA E COMPLEMENTI BAGNO;http://www.raines.it/?q=node/745;
D1034;VELINE COPRIWATER PIEGATE CONF. 200PZ;confezione da 200 pz ;;CF;6,95;0,22;CARTA E COMPLEMENTI BAGNO;http://www.raines.it/?q=node/190;
D1035;BOBINA 160 MT X 2 PZ 800STR/ROT;2 rotoli da 160 mt ;Tot. 320 mt;CF;9,5;0,22;CARTA E COMPLEMENTI BAGNO;http://www.raines.it/?q=node/674;0,0296
D1035B;BOBINA 80 MT VENDITA A MULTIPLI DI 4 PZ;4 rotoli da 80mt ;Tot. 320 mt;PZ;2,375;0,22;CARTA E COMPLEMENTI BAGNO;;0,0296
D1039;CARTA ASCIUGAMANI P.C. 2V.180mt CF 6PZ;6 rotoli da 180 mt;Tot. 1080 mt;CF;29;0,22;CARTA E COMPLEMENTI BAGNO;http://www.raines.it/?q=node/111;0,0268
D1042;"ASCIUGAMANI  A ""Z""  PC.2V  Cf.25 x150 PZ";25 conf da 150 pz = 3750pz;;CT;34;0,22;CARTA E COMPLEMENTI BAGNO;http://www.raines.it/?q=node/119;
D1062;LENZUOLINO MEDICO 2V H50 CM;9 rotoli da h 50 cm;;PZ;3,5;0,22;CARTA E COMPLEMENTI BAGNO;;
D1068;"ASCIUGAMANI A ""V"" PC.2V 210 X15 21X21";15 conf da 210 pz = 3150pz;;CT;19,5;0,22;CARTA E COMPLEMENTI BAGNO;;
D1080;CARTA ASCIUGAMANI P.C. 2V. 60m  CF.12 PZ ;12 rotoli da 60 mt;Tot. 720 mt;CF;22,8;0,22;CARTA E COMPLEMENTI BAGNO;http://www.raines.it/?q=node/607;0,0316
D1082;CARTA IGIENICA ECO MINI JUMBO 2V.12 ROTOLI DA 140 MT;;;CF;16,5;0,22;CARTA E COMPLEMENTI BAGNO;;0,0098
D1086;CARTA IGIENICA MINI JUMBO PC 2V CF 12 ROTOLI DA 150MT;12 rotoli da 150 mt;Tot. 1800 mt;CF;21;0,22;CARTA E COMPLEMENTI BAGNO;http://www.raines.it/?q=node/109;0,0116
D1101;BOBINA 200 MT X 2 PZ 800STR/ROT;2 rotoli da 200mt =400mt ;Tot. 400 mt;CF;10,5;0,22;CARTA E COMPLEMENTI BAGNO;http://www.raines.it/?q=node/114;0,0263
D1105;"ASCIUGAMANI A ""V"" PC.2V 210 X15 25X21";15 conf da 210 pz = 3150pz;;CT;26;0,22;CARTA E COMPLEMENTI BAGNO;http://www.raines.it/?q=node/608;
D1113;LENZUOLINO MEDICO PC. 2V. BLISTERATO;6 rotoli da 70 mt;;PZ;5,2;0,22;CARTA E COMPLEMENTI BAGNO;http://www.raines.it/?q=node/178;
D1155;CARTA IGIENICA P.C.2V.500 STRAPPI CONF 10 x 4 PZ DA 55MT;10 conf da 4 rotoli ;;CF;26;0,22;CARTA E COMPLEMENTI BAGNO;http://www.raines.it/?q=node/105;0,0118
D1245;CARTA IGIENICA INTERF.PC.2V. 30x200fo;30 conf. Da 200 fogli;;CF;27;0,22;CARTA E COMPLEMENTI BAGNO;http://www.raines.it/?q=node/121;
E1004;DISPENSER  IGIENICA MINI JUMBO BIANCO;Cod. ricarica D1086;;PZ;18;0,22;CARTA E COMPLEMENTI BAGNO;http://www.raines.it/?q=node/166;
E1005;DISPENSER  IGIENICA MAXI JUMBO BIANCO;Cod. ricarica D1008  ;;PZ;21;0,22;CARTA E COMPLEMENTI BAGNO;http://www.raines.it/?q=node/165;
E1016;DISPENSER  VELINE COPRIWATER PIEGATE;Cod. ricarica  A1034;;PZ;16;0,22;CARTA E COMPLEMENTI BAGNO;http://www.raines.it/?q=node/187;
E1017;DISPENSER  SACCHETTI IGIENICI BIANCO;Cod. ricarica  D1158;;PZ;8;0,22;CARTA E COMPLEMENTI BAGNO;http://www.raines.it/?q=node/188;
E1020;DISPENSER IGIENICA INTERFOG. 400 FOGL;Cod. ricarica  D1245;;PZ;12;0,22;CARTA E COMPLEMENTI BAGNO;;
E1022;DISPENSER IGIENICA ROTOLINe INTERFOGx2;;;PZ;9,8;0,22;CARTA E COMPLEMENTI BAGNO;http://www.raines.it/?q=node/163;
E1037;CAVALLETTO A TERRA IN METALLO x BOBIN;;;PZ;32;0,22;CARTA E COMPLEMENTI BAGNO;http://www.raines.it/?q=node/182;
E1132;DISPENSER MURALE A GOMITO;;;PZ;28;0,22;CARTA E COMPLEMENTI BAGNO;http://www.raines.it/?q=node/756;
E1171;DISPENSER ABS SAPONE NERO LIQUIDO 550;COLORE NERO;;PZ;16;0,22;CARTA E COMPLEMENTI BAGNO;http://www.raines.it/?q=node/192;
E1172;"DISPENSER  ASCIUGAMANI  PIEG. A ""V o";;;PZ;25;0,22;CARTA E COMPLEMENTI BAGNO;http://www.raines.it/?q=node/185;
E1177;"DISPENSER CARTA ROTOLO E  "" Z"" COMBI";;;PZ;19;0,22;CARTA E COMPLEMENTI BAGNO;http://www.raines.it/?q=node/170;
E1178;DISPENSER  SAPONE C/ LEVA   Lt 1.2;;;PZ;18;0,22;CARTA E COMPLEMENTI BAGNO;http://www.raines.it/?q=node/193;
E1186;PORTA BOBINA ABS CHIUSO  HACCP BIANCO;;;PZ;36;0,22;CARTA E COMPLEMENTI BAGNO;http://www.raines.it/?q=node/171;
E1092;SPECCHIERA BIANCA IN ABS cm.56x68;;;PZ;47,6;0,22;CARTA E COMPLEMENTI BAGNO;http://www.raines.it/?q=node/203;
E1094;DIFFUSORE DEODORANTE AEROSOL SPRAY LE;;;PZ;24;0,22;CARTA E COMPLEMENTI BAGNO;http://www.raines.it/?q=node/218;
A1019;AMUCHINA MENSOLA PER GEL  500 ml;;;PZ;3;0,05;CARTA E COMPLEMENTI BAGNO;http://www.raines.it/?q=node/651;
F1114;PORTASCOPINO  WC  CPL  CHIUSO;;;PZ;4,5;0,22;CARTA E COMPLEMENTI BAGNO;http://www.raines.it/?q=node/577;
F1276;PORTASCOPINO CPL  PER WC    ECO BIANCHI ;;;PZ;2,3;0,22;CARTA E COMPLEMENTI BAGNO;http://www.raines.it/?q=node/785;
D1158;SACCHETTI IGIENICI POLITENATI  1000pz;;;CF;38;0,22;CARTA E COMPLEMENTI BAGNO;http://www.raines.it/?q=node/191;
F1047;SACCHETTI BIANCHI 50X60 ROT. DA 30 PZ;Rotolo da 30 pz     ;30 Rot. x 30Pz;CF;1,7;0,22;SACCHI NETTEZZA URBANA E PATTUMIERE;http://www.raines.it/?q=node/532;
F1582;SACCHETTI BIO 50X60 ROT. DA 15 PZ;Rotolo da 15 pz     ;50 Rot. x 15Pz;CF;1,8;0,22;SACCHI NETTEZZA URBANA E PATTUMIERE;http://www.raines.it/?q=node/804;
F1048;SACCHETTI NERI 50X60 ROT. DA 30 PZ;Rotolo da 30 pz     ;30 Rot. x 30Pz;CF;1;0,22;SACCHI NETTEZZA URBANA E PATTUMIERE;http://www.raines.it/?q=node/533;
F1290;SACCHETTI AZZURRI 50X60 ROT. DA 30 PZ;Rotolo da 30 pz     ;30 Rot. x 30Pz;CF;1,2;0,22;SACCHI NETTEZZA URBANA E PATTUMIERE;http://www.raines.it/?q=node/631;
F1642;SACCHETTI TRASP. 50X60 ROT. DA 30 PZ;Rotolo da 30 pz     ;30 Rot. x 30Pz;RT;1,2;0,22;SACCHI NETTEZZA URBANA E PATTUMIERE;;
F1305;SACCHI BIANCHI 60X70 A ROT. CT 300 PZ;Cartone da 300 Pz ;10 Rot. x 30Pz;CF;40;0,22;SACCHI NETTEZZA URBANA E PATTUMIERE;http://www.raines.it/?q=node/210;
F1209;SACCHI NERI 70X80 A ROT. CT 400 PZ;Cartone da 400 Pz ;20 Rot. x 20Pz;CF;28;0,22;SACCHI NETTEZZA URBANA E PATTUMIERE;http://www.raines.it/?q=node/783;
F1230;SACCHI NERI 72X110 A ROT. CT 250 PZ;Cartone da 250 Pz ;10 Rot. x 25Pz;CT;24;0,22;SACCHI NETTEZZA URBANA E PATTUMIERE;http://www.raines.it/?q=node/535;
F1231;SACCHI NERI 72X110 A ROT. CT 120 PZ;Cartone da 120 Pz ;12 Rot. x 10Pz;CT;24;0,22;SACCHI NETTEZZA URBANA E PATTUMIERE;http://www.raines.it/?q=node/535;
F1425;SACCHI VERDI 72X110 A ROT. CT 200 PZ;Cartone da 200 Pz ;10 Rot. x 20Pz;CT;38;0,22;SACCHI NETTEZZA URBANA E PATTUMIERE;http://www.raines.it/?q=node/540;
F1426;SACCHI GIALLI 72X110 A ROT. CT 200 PZ;Cartone da 200 Pz ;10 Rot. x 20Pz;CT;38;0,22;SACCHI NETTEZZA URBANA E PATTUMIERE;http://www.raines.it/?q=node/540;
F1427;SACCHI AZZURRI 72X110 A ROT. CT 200 P;Cartone da 200 Pz ;10 Rot. x 20Pz;CT;38;0,22;SACCHI NETTEZZA URBANA E PATTUMIERE;http://www.raines.it/?q=node/540;
F1428;SACCHI TRASP. 72X110 A ROT. CT 200 PZ;Cartone da 200 Pz ;10 Rot. x 20Pz;CT;38;0,22;SACCHI NETTEZZA URBANA E PATTUMIERE;http://www.raines.it/?q=node/540;
F1187;SACCHETTI BIO 70X110 A ROT. DA 10 PZ;Rotolo da 10 pz     ;25 Rot. x 10Pz;CF;3,5;0,22;SACCHI NETTEZZA URBANA E PATTUMIERE;http://www.raines.it/?q=node/774;
F1093;SACCHI NERI 80x120 A ROT. CT 300 PZ;Cartone da 300 Pz ;15 Rot. x 20Pz;CT;41;0,22;SACCHI NETTEZZA URBANA E PATTUMIERE;;
F1643;SACCHI TRASP. 90X120 A ROT. CT 200 PZ;Cartone da 200 Pz ;10 Rot. x 20Pz;CT;41;0,22;SACCHI NETTEZZA URBANA E PATTUMIERE;;
F1191;SACCHI NERI 90x120 A ROT. CT 100 PZ;Cartone da 100 Pz ;10 Rot. x 10Pz;CT;21;0,22;SACCHI NETTEZZA URBANA E PATTUMIERE;;
F1194;SACCHI NERI 110x130 A ROT. CT 100 PZ;Cartone da 100 Pz ;5 Rot. x 20Pz;CT;38;0,22;SACCHI NETTEZZA URBANA E PATTUMIERE;http://www.raines.it/?q=node/537;
F1475;SACCHI AZZURRI 110X130 A ROT. CT 200;Cartone da 200 Pz ;10 Rot. x 20Pz;CT;42;0,22;SACCHI NETTEZZA URBANA E PATTUMIERE;http://www.raines.it/?q=node/540;
F1476;SACCHI GIALLI 110X130 A ROT. CT 200 P;Cartone da 200 Pz ;10 Rot. x 20Pz;CT;42;0,22;SACCHI NETTEZZA URBANA E PATTUMIERE;http://www.raines.it/?q=node/540;
F1480;SACCHI VERDI 110X130 A ROT. CT 200 PZ;Cartone da 200 Pz ;10 Rot. x 20Pz;CT;42;0,22;SACCHI NETTEZZA URBANA E PATTUMIERE;http://www.raines.it/?q=node/540;
E1028;PATTUMIERA 50 LT. COP/BASC BLU H. 65;;;PZ;25;0,22;SACCHI NETTEZZA URBANA E PATTUMIERE;http://www.raines.it/?q=node/247;
E1029;PATTUMIERA 50 LT. COP/BASC BIANCA H. 65;;;PZ;25;0,22;SACCHI NETTEZZA URBANA E PATTUMIERE;http://www.raines.it/?q=node/247;
E1035;PATTUMIERA 50 LT. COP/BASC ROSSO H. 65;;;PZ;25;0,22;SACCHI NETTEZZA URBANA E PATTUMIERE;http://www.raines.it/?q=node/247;
E1046;PATTUMIERA 50 LT. COP/BASC GIALLO H.65;;;PZ;25;0,22;SACCHI NETTEZZA URBANA E PATTUMIERE;http://www.raines.it/?q=node/247;
E1089;PATTUMIERA 50 LT. COP/BASC VERDE H.65;;;PZ;25;0,22;SACCHI NETTEZZA URBANA E PATTUMIERE;http://www.raines.it/?q=node/247;
E1031;PATTUMIERA 25 LT. COP/BASC BLU H.52;;;PZ;14;0,22;SACCHI NETTEZZA URBANA E PATTUMIERE;http://www.raines.it/?q=node/230;
E1032;PATTUMIERA 25 LT. COP/BASC BIANCO H.52;;;PZ;14;0,22;SACCHI NETTEZZA URBANA E PATTUMIERE;http://www.raines.it/?q=node/230;
E1033;PATTUMIERA 25 LT. COP/BASC ROSSO H. 52;;;PZ;14;0,22;SACCHI NETTEZZA URBANA E PATTUMIERE;http://www.raines.it/?q=node/230;
E1073;PATTUMIERA 25 LT. COP/BASC GIALLO H.52;;;PZ;14;0,22;SACCHI NETTEZZA URBANA E PATTUMIERE;http://www.raines.it/?q=node/230;
E1086;PATTUMIERA 25 LT. COP/BASC VERDE H.52;;;PZ;14;0,22;SACCHI NETTEZZA URBANA E PATTUMIERE;http://www.raines.it/?q=node/230;
E1080;CONTENITORE ELLE x  ASSORB. IG. 20/42/66;;;PZ;26;0,22;SACCHI NETTEZZA URBANA E PATTUMIERE;http://www.raines.it/?q=node/216;
E1201;CONTENITORE TITAN TONDO  85lt COP/BI;;;PZ;32;0,22;SACCHI NETTEZZA URBANA E PATTUMIERE;http://www.raines.it/?q=node/759;
F1103;CESTINO CHIUSO PESANTE  H.32 cm;;;PZ;2,8;0,22;SACCHI NETTEZZA URBANA E PATTUMIERE;http://www.raines.it/?q=node/226;
F1104;CESTINO LISTELLATO PESANTE H.32cm;;;PZ;2,2;0,22;SACCHI NETTEZZA URBANA E PATTUMIERE;http://www.raines.it/?q=node/225;
F1241;FIBRA ABRASIVA VERDE  VILEDA 20x22  10 PZ;;;CF;6,9;0,22;PANNI STROFINACCI SPUGNE;http://www.raines.it/?q=node/402;
F1235;FIBRA ABRASIVA VERDE 14x15;;;PZ;0,2;0,22;PANNI STROFINACCI SPUGNE;http://www.raines.it/?q=node/784;
C1181;GARZA  IMPREGNATA PROFESSION. 60x30 50 PZ ;;;CF;5,6;0,22;PANNI STROFINACCI SPUGNE;http://www.raines.it/?q=node/450;
C1185;GARZA IMPREGNATA 60X20 50 PZ;;;CF;1,25;0,22;PANNI STROFINACCI SPUGNE;http://www.raines.it/?q=node/726;
C1407;MICROROLL VILEDA  N.T. 200 STRAPPI ;;;PZ;34;0,22;PANNI STROFINACCI SPUGNE;http://www.raines.it/?q=node/637;
F1415;PANNO BLU MICRO VILED 55x39 Conf.ne 5 PZ ;;;CF;10;0,22;PANNI STROFINACCI SPUGNE;http://www.raines.it/?q=node/404;
C1162;PANNO CLICK SPEED CM 44  BLU 50 PZ;;;CF;16;0,22;PANNI STROFINACCI SPUGNE;;
C1163;PANNO CLICK SPEED CM 44 ROSSO  50 pz;;;CF;16;0,22;PANNI STROFINACCI SPUGNE;;
F1060;PANNO DAINO SINTETICO PLUS 40x45  3 PZ;;;CF;1,6;0,22;PANNI STROFINACCI SPUGNE;http://www.raines.it/?q=node/419;
F1084;PANNO MICROEVOLUX VILEDA BLU 40x42 5PZ;;;CF;5;0,22;PANNI STROFINACCI SPUGNE;http://www.raines.it/?q=node/636;
F1086;PANNO MICROEVOLUX VILEDA GIALLO40x42 5 PZ;;;CF;5;0,22;PANNI STROFINACCI SPUGNE;http://www.raines.it/?q=node/636;
F1087;PANNO MICROEVOLUX VILEDA ROSSO40x42 5 PZ;;;CF;5;0,22;PANNI STROFINACCI SPUGNE;http://www.raines.it/?q=node/636;
F1085;PANNO MICROEVOLUX VILEDA VERDE 40x42 5 PZ ;;;CF;5;0,22;PANNI STROFINACCI SPUGNE;http://www.raines.it/?q=node/636;
F1649;PANNO MICROF.VILEDA GIALLO TUFF 36X36 5 PZ;;;CF;4,7;0,22;PANNI STROFINACCI SPUGNE;http://www.raines.it/?q=node/672;
F1118;PANNO MICROFIB.VILEDA BLU TUFF 36x36 5 PZ ;;;CF;4,7;0,22;PANNI STROFINACCI SPUGNE;http://www.raines.it/?q=node/672;
C1148;PANNO MICROFIB.VILEDA VERD TUFF 36x36 5 PZ ;;;CF;4,7;0,22;PANNI STROFINACCI SPUGNE;http://www.raines.it/?q=node/672;
F1121;PANNO MICROFIB.VILEDAROSSO TUFF 36x36 5 PZ ;;;CF;4,7;0,22;PANNI STROFINACCI SPUGNE;http://www.raines.it/?q=node/672;
C1139;PANNO MICROFIBRA ULTRA 40x40  6Pz;;;CF;7,4;0,22;PANNI STROFINACCI SPUGNE;http://www.raines.it/?q=node/434;
F1066;PANNO MICROFIBRA xPAVIMENTI 40x60  6PZ;;;CF;10,5;0,22;PANNI STROFINACCI SPUGNE;http://www.raines.it/?q=node/444;
F1578;PANNO MICRONSOLO BLU  30x40 cf.  5x10PZ;;;CT;54;0,22;PANNI STROFINACCI SPUGNE;;
F1238;PANNO MULTIUSO VILEDA PROFI BL 38X40 10 PZ;;;CF;4,2;0,22;PANNI STROFINACCI SPUGNE;http://www.raines.it/?q=node/436;
F1245;PANNO MULTIUSO VILEDA PROFI GI 38x40 10 PZ;;;CF;4,2;0,22;PANNI STROFINACCI SPUGNE;http://www.raines.it/?q=node/436;
F1253;PANNO MULTIUSO VILEDA PROFI RS 38x40 10 PZ;;;CF;4,2;0,22;PANNI STROFINACCI SPUGNE;http://www.raines.it/?q=node/436;
F1239;PANNO MULTIUSO VILEDA PROFI VE 38X40 10 PZ;;;CF;4,2;0,22;PANNI STROFINACCI SPUGNE;http://www.raines.it/?q=node/436;
F1064;"PANNO PAVIMENTI FANTASTIC  50x70"" COT";;;PZ;1,5;0,22;PANNI STROFINACCI SPUGNE;http://www.raines.it/?q=node/445;
C1279;PANNO PAVIMENTI MICROFIBRA cm.60;;;PZ;10;0,22;PANNI STROFINACCI SPUGNE;http://www.raines.it/?q=node/732;
F1226;PANNO PAVIMENTI VILEDA 44x55   Cf.10 PZ ;;;CF;14,5;0,22;PANNI STROFINACCI SPUGNE;http://www.raines.it/?q=node/443;
F1154;PANNO PVA INOX VETRI CF 5 PZ;;;CF;12,2;0,22;PANNI STROFINACCI SPUGNE;;
F1096;PANNO PVA MICRO VETRI/SUPER.38x35 5 PZ ;;;CF;11;0,22;PANNI STROFINACCI SPUGNE;http://www.raines.it/?q=node/767;
F1067;PANNO SIMILPELLE MICROFOR  26x37;;;PZ;1,1;0,22;PANNI STROFINACCI SPUGNE;http://www.raines.it/?q=node/638;
F1268;PANNO SPUGNA SPECIAL 20x20  5 pz;;;CF;1,5;0,22;PANNI STROFINACCI SPUGNE;http://www.raines.it/?q=node/407;
C1136;PANNO VILEDA FLIP GRANDE ROSSO 36*39;;;PZ;0,4;0,22;PANNI STROFINACCI SPUGNE;;
F1424;PANNO VILEDA WIPRO/ANTIB GIAL.35x42 20 PZ;;;CF;18;0,22;PANNI STROFINACCI SPUGNE;http://www.raines.it/?q=node/439;
F1423;PANNO VILEDA WIPRO/ANTIB.VERDE36x42 20 PZ;;;CF;18;0,22;PANNI STROFINACCI SPUGNE;http://www.raines.it/?q=node/439;
F1421;PANNO VILEDA WIPRO/ANTIBAT BLU 36x42 20 PZ;;;CF;18;0,22;PANNI STROFINACCI SPUGNE;http://www.raines.it/?q=node/439;
F1422;PANNO VILEDA WIPRO/ANTIBAT RS 36x42 20 PZ ;;;CF;18;0,22;PANNI STROFINACCI SPUGNE;http://www.raines.it/?q=node/439;
F1468;PEZZAME COTONE 1a scelta Kg.1;;;KG;3,6;0,22;PANNI STROFINACCI SPUGNE;http://www.raines.it/?q=node/431;
F1368;ROTOLO MOP TNT cm. 80x100 mt x  RADAZZA;;;RT;116;0,22;PANNI STROFINACCI SPUGNE;http://www.raines.it/?q=node/509;
C1430;SAFEPLUS COPERCHIO MAXI TRASPARENTE;;;PZ;15,96;0,22;PANNI STROFINACCI SPUGNE;http://www.raines.it/?q=node/820;
C1429;SAFEPLUS MICRON ROLL MAXI ( 120 PANNI;;;PZ;15,94;0,22;PANNI STROFINACCI SPUGNE;http://www.raines.it/?q=node/819;
C1431;SAFEPLUS SECCHIO 5 LT;;;PZ;13;0,22;PANNI STROFINACCI SPUGNE;http://www.raines.it/?q=node/821;
F1240;SPUGNA  SPECIAL CON ABRASIVO 9x14 10 PZ ;;;CF;3,9;0,22;PANNI STROFINACCI SPUGNE;http://www.raines.it/?q=node/406;
F1237;SPUGNA ABRASIVA 2 USI 12x9x2.5 10pz;;;CF;2,8;0,22;PANNI STROFINACCI SPUGNE;http://www.raines.it/?q=node/405;
F1200;SPUGNA SUPERINOX  VILEDA  10pz;;;CF;15,6;0,22;PANNI STROFINACCI SPUGNE;http://www.raines.it/?q=node/411;
F1063;STROFINACCIO PAV. EXTRA BIANCO  45x70;;;PZ;1,3;0,22;PANNI STROFINACCI SPUGNE;http://www.raines.it/?q=node/447;
F1061;STROFINACCIO PAVIMENT4 CIMOSE 45x60;;;PZ;1;0,22;PANNI STROFINACCI SPUGNE;http://www.raines.it/?q=node/446;
F1062;STROFINACCIO PAVIMENTI  MAXI   85x90;;;PZ;1,9;0,22;PANNI STROFINACCI SPUGNE;http://www.raines.it/?q=node/448;
C1120;DISCO IN MICROFIBRA  DIAMETRO 430 mm;;;PZ;23;0,22;DISCHI ABRASIVI;;
F1017;"DISCO MARRONE  ALTO 14""  340 mm";;;PZ;5,9;0,22;DISCHI ABRASIVI;;
F1018;DISCO NERO  330 mm /13;;;PZ;7,9;0,22;DISCHI ABRASIVI;;
F1019;DISCO ABRASIVO  ROSSO  330 mm;;;PZ;7,9;0,22;DISCHI ABRASIVI;;
F1026;DISCO  VILEDA 380  mm 15' NERO;;;PZ;8;0,22;DISCHI ABRASIVI;;
F1027;DISCO  VILEDA 430 mm  17'' NERO;;;PZ;11;0,22;DISCHI ABRASIVI;http://www.raines.it/?q=node/317;
F1028;"DISCO  VILEDA 430 mm  17"" VERDE";;;PZ;11;0,22;DISCHI ABRASIVI;http://www.raines.it/?q=node/317;
F1029;DISCO  VILEDA 430 mm  17'' BIANCO;;;PZ;11;0,22;DISCHI ABRASIVI;http://www.raines.it/?q=node/317;
F1030;DISCO  VILEDA 430 mm  17'' ROSSO;;;PZ;11;0,22;DISCHI ABRASIVI;http://www.raines.it/?q=node/317;
F1031;DISCO  NERO  505 mm  20'';;;PZ;10,5;0,22;DISCHI ABRASIVI;;
F1570;DISCO ABRASIVO 3M mm 460 MARRON 3ND 5;;;CF;72;0,22;DISCHI ABRASIVI;;
F1571;DISCO ABRASIVO 3M mm 460 NERO 3ND 5pz;;;CF;72;0,22;DISCHI ABRASIVI;;
F1572;DISCO ABRASIVO 3M  mm 530 ROSSO 3ND 5;;;CF;105;0,22;DISCHI ABRASIVI;;
C1006;MANICO CROMATO  cm .130 x  RADAZZA;;;PZ;9,4;0,22;SCOPE ALZAIMMONDIZIA MANICI FRATTAZZI;;
C1008;MANICO CROMATO x RADAZZA A FORBICE;;;PZ;16;0,22;SCOPE ALZAIMMONDIZIA MANICI FRATTAZZI;;
C1017;MANICO ALLUMINIO CM.140 T.VERDE CON F;;;PZ;5,2;0,22;SCOPE ALZAIMMONDIZIA MANICI FRATTAZZI;;
C1080;MANICO TELESCOPICO PL Mt 1.5x2 VITE/C;;;PZ;3,4;0,22;SCOPE ALZAIMMONDIZIA MANICI FRATTAZZI;;
C1081;ASTA TELESCOPICA ALLUMIN. C/CONO cm20;;;PZ;23;0,22;SCOPE ALZAIMMONDIZIA MANICI FRATTAZZI;;
C1082;ASTA TELESCOPICA ALLUMINIO cm.300 x3=;;;PZ;42;0,22;SCOPE ALZAIMMONDIZIA MANICI FRATTAZZI;;
C1083;SNODO PER ASTA TELESCOPICA;;;PZ;4,4;0,22;SCOPE ALZAIMMONDIZIA MANICI FRATTAZZI;;
C1084;PUNTALE PER ASTA  TELESCOPICA;;;PZ;2,4;0,22;SCOPE ALZAIMMONDIZIA MANICI FRATTAZZI;;
C1128;ASTA TELESCOPICA ALLUMINIO cm.150 x2=;;;PZ;19;0,22;SCOPE ALZAIMMONDIZIA MANICI FRATTAZZI;;
C1424;PALETTA APERTA  BASE INOX  FHP;;;PZ;52;0,22;SCOPE ALZAIMMONDIZIA MANICI FRATTAZZI;;
C1425;SQUEEGEE PALETTA MANICO LUNGO FHP;;;PZ;22;0,22;SCOPE ALZAIMMONDIZIA MANICI FRATTAZZI;;
F1002;SCOPA SAGGINA EXTRA 4 FILI  Manico lu;;;PZ;5,4;0,22;SCOPE ALZAIMMONDIZIA MANICI FRATTAZZI;;
F1007;SCOPA SINTETICA ESTERNI S/MANICO;;;PZ;8;0,22;SCOPE ALZAIMMONDIZIA MANICI FRATTAZZI;;
F1020;MANICO PLASTICA ALLUNGABILE  a cm.150;;;PZ;1,5;0,22;SCOPE ALZAIMMONDIZIA MANICI FRATTAZZI;;
F1040;MANICO LEGNO LUCIDO  cm.150  VITE/FOR;;;PZ;3,8;0,22;SCOPE ALZAIMMONDIZIA MANICI FRATTAZZI;;
F1044;MANICO ALLUMINIO FORO/VITE  cm.140;;;PZ;4;0,22;SCOPE ALZAIMMONDIZIA MANICI FRATTAZZI;;
F1046;MANICO LEGNO LUC.150 C/FORx RADAZZ e;;;PZ;2,7;0,22;SCOPE ALZAIMMONDIZIA MANICI FRATTAZZI;;
F1071;SCOPA  INDUSTRIALE NYLON cm.80 S/M;;;PZ;8;0,22;SCOPE ALZAIMMONDIZIA MANICI FRATTAZZI;;
F1075;SCOPA  INDUSTRIALE NYLON cm.60 S/M;;;PZ;6,4;0,22;SCOPE ALZAIMMONDIZIA MANICI FRATTAZZI;;
F1111;ALZAIMMONDIZIA  BORDO GOMMAKIRA   H.7;;;PZ;1,8;0,22;SCOPE ALZAIMMONDIZIA MANICI FRATTAZZI;;
F1137;MANICO VILEDA  ALLUMINIO cm138 C/FILE;;;PZ;2,52;0,22;SCOPE ALZAIMMONDIZIA MANICI FRATTAZZI;;
F1172;SCOPA INDUSTRIALE RIGIDA cm. 30 S/M;;;PZ;1,8;0,22;SCOPE ALZAIMMONDIZIA MANICI FRATTAZZI;;
F1189;ALZAIMMONDIZIA IN LAMIERA;;;PZ;6;0,22;SCOPE ALZAIMMONDIZIA MANICI FRATTAZZI;;
F1219;SCOPA VILEDA MORBIDA  BLU  cm. 33 S/M;;;PZ;2,65;0,22;SCOPE ALZAIMMONDIZIA MANICI FRATTAZZI;;
F1220;SCOPA FRANCESINA   S/MANICO  12 Pz;;;CF;14;0,22;SCOPE ALZAIMMONDIZIA MANICI FRATTAZZI;;
F1221;SCOPA VALENTINA SUPER ALTA  S/M  12 p;;;CF;15;0,22;SCOPE ALZAIMMONDIZIA MANICI FRATTAZZI;;
F1222;SCOPA PARI  NERA EXTRA  S/M  12 pz;;;CT;22;0,22;SCOPE ALZAIMMONDIZIA MANICI FRATTAZZI;;
F1223;SCOPA  SETOLE DURE SPLENDIDA S/M 12 p;;;CF;17,8;0,22;SCOPE ALZAIMMONDIZIA MANICI FRATTAZZI;;
F1229;MANICO LEGNO FAGGIO  cm.150   10 pz;;;CF;14,5;0,22;SCOPE ALZAIMMONDIZIA MANICI FRATTAZZI;;
F1242;ALZAIMMONDIZIA C/RINFORZO  H 62 cm;;;PZ;2;0,22;SCOPE ALZAIMMONDIZIA MANICI FRATTAZZI;;
F1243;SCOPETTONE PAVIMENTI cm.24 S/M.;;;PZ;1,5;0,22;SCOPE ALZAIMMONDIZIA MANICI FRATTAZZI;;
F1254;MANICO LEGNO FAGGIO  cm. 130  10 pz;;;CF;11,5;0,22;SCOPE ALZAIMMONDIZIA MANICI FRATTAZZI;;
F1255;MANICO METALLO PLASTIFICAT cm.130;;;PZ;0,9;0,22;SCOPE ALZAIMMONDIZIA MANICI FRATTAZZI;;
C1009;RICAMBIO COTONE RADAZZA Cm. 40;;;PZ;3,6;0,22;RADAZZE SPINGIACQUA;;
C1010;RICAMBIO COTONE RADAZZA Cm. 60;;;PZ;4,6;0,22;RADAZZE SPINGIACQUA;;
C1011;RICAMBIO COTONE RADAZZA Cm. 80;;;PZ;5,9;0,22;RADAZZE SPINGIACQUA;;
C1012;RICAMBIO COTONE RADAZZA Cm.100;;;PZ;8,5;0,22;RADAZZE SPINGIACQUA;;
C1013;RICAMBIO COTONE  RADAZZA FORBICE copp;;;CF;17;0,22;RADAZZE SPINGIACQUA;;
C1113;TELAIO RADAZZA A FORBICE;;;PZ;18;0,22;RADAZZE SPINGIACQUA;;
C1287;TELAIO RADAZZA  CM.60;;;PZ;4;0,22;RADAZZE SPINGIACQUA;;
C1288;TELAIO RADAZZA  CM.100;;;PZ;7,95;0,22;RADAZZE SPINGIACQUA;;
C1289;TELAIO RADAZZA  CM.40;;;PZ;3,9;0,22;RADAZZE SPINGIACQUA;;
C1291;TELAIO RADAZZA  CM.80;;;PZ;5;0,22;RADAZZE SPINGIACQUA;;
F1045;SPINGIACQUA METALLO cm 55 S/MANICO;;;PZ;7,5;0,22;RADAZZE SPINGIACQUA;;
F1051;SPINGIACQUA METALLO cm.75 S/MANICO;;;PZ;9,8;0,22;RADAZZE SPINGIACQUA;;
C1014;MOP COTONE A FRANGE x PINZA gr. 450;;;PZ;2,5;0,22;MOP;;
C1015;MOP SUPER ASSORBENTE gr. 300c cm.33c;;;PZ;1,7;0,22;MOP;;
C1016;MOP  SUPER   MICROFIBRA gr. 190  A VI;;;PZ;2,8;0,22;MOP;;
C1285;MOP MAXI COTONE A VITE Gr.400c LUNG.4;;;PZ;1,9;0,22;MOP;;
C1299;MOP  SPECIAL SINTETICO BIANCO*  gr.16;;;PZ;2,6;0,22;MOP;;
C1061;VELLO LAVAVETRI  cm. 25 CON SUPPORTO;;;PZ;7,5;0,22;TERGIVETRO LAVAVETRO RASCHIETTI;;
C1062;VELLO LAVAVETRI  cm. 35 CON SUPPORTO;;;PZ;8,6;0,22;TERGIVETRO LAVAVETRO RASCHIETTI;;
C1063;VELLO LAVAVETRI  cm. 45 CON SUPPORTO;;;PZ;9,2;0,22;TERGIVETRO LAVAVETRO RASCHIETTI;;
C1064;RICAMBIO VELLO BIANCO cm. 25;;;PZ;4,6;0,22;TERGIVETRO LAVAVETRO RASCHIETTI;;
C1065;RICAMBIO VELLO BIANCO cm. 35;;;PZ;5,1;0,22;TERGIVETRO LAVAVETRO RASCHIETTI;;
C1066;RICAMBIO VELLO BIANCO cm. 45;;;PZ;5,6;0,22;TERGIVETRO LAVAVETRO RASCHIETTI;;
C1069;LAMINA GOMMA CM. 92  x TERGIVETRO;;;PZ;4,3;0,22;TERGIVETRO LAVAVETRO RASCHIETTI;;
C1070;TERGIVETRO ACCIAIO INOX  cm. 25  PROF;;;PZ;9,5;0,22;TERGIVETRO LAVAVETRO RASCHIETTI;;
C1071;TERGIVETRO ACCIAIO INOX  cm. 35  PROF;;;PZ;9,7;0,22;TERGIVETRO LAVAVETRO RASCHIETTI;;
C1072;TERGIVETRO ACCIAIO INOX  cm. 45 PROFE;;;PZ;9,9;0,22;TERGIVETRO LAVAVETRO RASCHIETTI;;
C1079;LAVATERGIVETRO PLAS. ECO cm.20 C/M 15;;;PZ;2;0,22;TERGIVETRO LAVAVETRO RASCHIETTI;;
C1092;LAME RICAMBIO RASCHIETTO PAVIMENTI CF;;;CF;4,5;0,22;TERGIVETRO LAVAVETRO RASCHIETTI;;
C1093;RASCHIETTO CLIPS VETRI CON 10 LAME;;;PZ;7,2;0,22;TERGIVETRO LAVAVETRO RASCHIETTI;;
C1094;LAME RICAMBIO RASCHIETTO CLIPS CF 10;;;CF;3,5;0,22;TERGIVETRO LAVAVETRO RASCHIETTI;;
C1095;RASCHIETTO PAVIMENTI C/MAN. da cm.25;;;PZ;9;0,22;TERGIVETRO LAVAVETRO RASCHIETTI;;
C1096;RASCHIETTO PAVIMENTI CON IMPUGNATURA;;;PZ;9,5;0,22;TERGIVETRO LAVAVETRO RASCHIETTI;;
C1097;RASCHIETTO HANDLEY TASCABILE S/LAMA;;;PZ;3,9;0,22;TERGIVETRO LAVAVETRO RASCHIETTI;;
C1098;RASCHIETTO PAVIMENTI C/MAN.da cm.120;;;PZ;13;0,22;TERGIVETRO LAVAVETRO RASCHIETTI;;
C1180;LAMA RICAMBIO RASCHIETTO HANDLEY CF 1;;;CF;2;0,22;TERGIVETRO LAVAVETRO RASCHIETTI;;
C1225;PINZA  RACCOGLI SIRINGHE C/M cm.100;;;PZ;19;0,22;TERGIVETRO LAVAVETRO RASCHIETTI;;
F1016;TAMPONE ABRASIVO NERO cm 10x23;;;PZ;3,2;0,22;TERGIVETRO LAVAVETRO RASCHIETTI;;
F1058;PIUMINO SOF  MAGIC  ANTISTATICO  cm.;;;PZ;2,2;0,22;PIUMINI SCOVOLI;;
F1059;PIUMINO PULITUTTO A FORCELLA  FILL;;;PZ;3,5;0,22;PIUMINI SCOVOLI;;
F1101;SCOVOLO RAGNATELE  x ASTE TELESCOPICH;;;PZ;4,9;0,22;PIUMINI SCOVOLI;;
F1325;SCOVOLO PULIZIA TERMOSIFONI  cm.24;;;PZ;1,5;0,22;PIUMINI SCOVOLI;;
F1446;TELAIO C/SNODO PER  PIUMINO BIT cm.40;;;PZ;13,98;0,22;PIUMINI SCOVOLI;;
C1078;SECCHIO STENDICERA CON STRIZZAVELLO;;;PZ;35;0,22;SECCHI PER LAVAGGIO;;
F1106;SECCHIO LT. 15 MOPLEN PESANTE C/BECCO;;;PZ;4,5;0,22;SECCHI PER LAVAGGIO;;
F1107;SECCHIO LT. 12 MOPLEN  C/BECCO;;;PZ;3,2;0,22;SECCHI PER LAVAGGIO;;
F1489;SECCHIO MOP OVALE 15 LT. CON/STRIZZIN;;;PZ;3,2;0,22;SECCHI PER LAVAGGIO;;
C1019;MOCIO VILEDA PROF solo SECCHIO+STRIZZ;;;PZ;9;0,22;SISTEMI DI LAVAGGIO PROFESSIONALI;;
C1020;MOCIO VILEDA FIOCCO C/ANTIBATTER cm.3;;;PZ;4,3;0,22;SISTEMI DI LAVAGGIO PROFESSIONALI;;
C1105;MANICO SPRAY PRO e DOSATORE  N.T.;;;PZ;27,5;0,22;SISTEMI DI LAVAGGIO PROFESSIONALI;;
C1138;TELAIO EXPRESS VELCRO  44CM (EXP);;;PZ;16;0,22;SISTEMI DI LAVAGGIO PROFESSIONALI;;
C1173;EXPRESS BLU MOP CM 40 (EXP);;;CF;4,1;0,22;SISTEMI DI LAVAGGIO PROFESSIONALI;;
C1028;CARRELLO SERVIZIO  GREEN 5  S/COP;;;PZ;119;0,22;CARRELLI E ACCESSORI;;
C1029;CARRELLO MULTIUSI GREEN 160 C/ST  S/C;;;PZ;245;0,22;CARRELLI E ACCESSORI;;
C1030;CARRELLO MULTIUSI MAGIC LINE 120 S/CO;;;PZ;265;0,22;CARRELLI E ACCESSORI;;
C1034;CARRELLO PORTASACCO SMILE C/COP Bianc;;;PZ;74;0,22;CARRELLI E ACCESSORI;;
C1042;SECCHIO Lt. 25  ROSSO x CARRELLO DOPP;;;PZ;11;0,22;CARRELLI E ACCESSORI;;
C1043;SECCHIO Lt. 15  ROSSO CARRELLI MULTIU;;;PZ;9;0,22;CARRELLI E ACCESSORI;;
C1047;CARRELLO DOPPIO SECCHIO 25 Lt C/STRIZ;;;PZ;87;0,22;CARRELLI E ACCESSORI;;
C1048;"CARRELLO PORTASACC ""X ""  ROSSO S/C";;;PZ;56;0,22;CARRELLI E ACCESSORI;;
C1049;SECCHIO Lt. 15  BLU  x CARRELLI MULTI;;;PZ;9;0,22;CARRELLI E ACCESSORI;;
C1050;SECCHIO Lt. 25  BLU   x CARRELLI DOPP;;;PZ;11;0,22;CARRELLI E ACCESSORI;;
C1051;SEGNALE PAVIMENTO BAGNATO 23x 60 h cm;;;PZ;12;0,22;CARRELLI E ACCESSORI;;
C1052;STRIZZATORE NYLON TECNO PROFESSIONALE;;;PZ;38;0,22;CARRELLI E ACCESSORI;;
C1054;PINZA x MOP IN PLASTICA  GRANDE;;;PZ;3,2;0,22;CARRELLI E ACCESSORI;;
C1056;"COPERCHIO TONDO x CARRELLI  AD ""x""";;;PZ;16;0,22;CARRELLI E ACCESSORI;;
C1057;"CESTO PORTAOGGETTI x CARRELLI AD ""X""";;;PZ;18;0,22;CARRELLI E ACCESSORI;;
C1058;CLIPS FERMASACCO PER CARRELLI;;;PZ;1,2;0,22;CARRELLI E ACCESSORI;;
C1059;ELASTICO FERMASACCO PER CARRELLI;;;PZ;3,5;0,22;CARRELLI E ACCESSORI;;
C1067;PORTASTRIZZATORE x CARRELLI GREEN;;;PZ;20,1;0,22;CARRELLI E ACCESSORI;;
C1068;CARRELLO TRIPLO RACC. DIFFERENZIATA C;;;PZ;275;0,22;CARRELLI E ACCESSORI;;
C1076;FIBRA ABRASIVA X TRAPEZIO;;;PZ;1,5;0,22;CARRELLI E ACCESSORI;;
C1135;TUBO PER RIEMPIMENTO SECCHI cm.140;;;PZ;7,8;0,22;CARRELLI E ACCESSORI;;
C1153;CARRELLO SINGOLO 25 Lt. C/STRIZZeTASC;;;PZ;107;0,22;CARRELLI E ACCESSORI;;
C1156;"CARRELLO AD ""X"" TONDO CROMATO S/COPER";;;PZ;68;0,22;CARRELLI E ACCESSORI;;
C1164;CARRELLO  PORTAS. CROMATO C/COP e PED;;;PZ;85;0,22;CARRELLI E ACCESSORI;;
C1169;SECCHIO Lt. 6 ROSSO x CARRELLI MULTIU;;;PZ;6;0,22;CARRELLI E ACCESSORI;;
C1170;SECCHIO Lt. 6 BLU x CARRELLI MULTIUSO;;;PZ;6;0,22;CARRELLI E ACCESSORI;;
C1203;PORTA BOBINA LUNGO PER CARRELLI DUST;;;PZ;29;0,22;CARRELLI E ACCESSORI;;
C1215;ATTACCO PORTAMANICO PER CARRELLI MULT;;;PZ;3,6;0,22;CARRELLI E ACCESSORI;;
C1274;TRAPEZIO x GARZA IMPREGNATA Cm.60 C/M;;;PZ;24;0,22;CARRELLI E ACCESSORI;;
C1286;CARRELLO NICK PLUS 30 Lt.25 C/STRIZZA;;;PZ;165;0,22;CARRELLI E ACCESSORI;;
F1207;GUANTI IN NITRILE S/POLVERE 100 PZ L;;;CF;3,2;0,05;GUANTI MONOUSO;;
F1206;GUANTI IN NITRILE S/POLVERE 100 PZ M;;;CF;3,2;0,05;GUANTI MONOUSO;;
F1186;GUANTI IN NITRILE S/POLVERE 100 PZ S;;;CF;3,2;0,05;GUANTI MONOUSO;;
F1208;GUANTI IN NITRILE S/POLVERE 100 PZ XL;;;CF;3,2;0,05;GUANTI MONOUSO;;
F1022;GUANTI IN POLIETILENE TRASP. 100 pz;;;CF;0,4;0,22;GUANTI MONOUSO;;
F1196;GUANTI IN VINILE S/POLVERE 100 PZ L;;;CF;2;0,05;GUANTI MONOUSO;;
F1195;GUANTI IN VINILE S/POLVERE 100 PZ M;;;CF;2;0,05;GUANTI MONOUSO;;
F1198;GUANTI IN VINILE S/POLVERE 100 PZ S;;;CF;2;0,05;GUANTI MONOUSO;;
F1197;GUANTI IN VINILE S/POLVERE 100 PZ XL;;;CF;2;0,05;GUANTI MONOUSO;;
F1079;GUANTI LATTICE MONO S/POLVERE  100p X;;;CF;3,9;0,05;GUANTI MONOUSO;;
F1053;GUANTI LATTICE MONO S/POLVERE 100p L;;;CF;3,9;0,05;GUANTI MONOUSO;;
F1043;GUANTI LATTICE MONO S/POLVERE 100p M;;;CF;3,9;0,05;GUANTI MONOUSO;;
F1042;GUANTI LATTICE MONO S/POLVERE 100p S;;;CF;3,9;0,05;GUANTI MONOUSO;;
F1365;GUANTI LATTICE MONOUSO PLUS 100p S;;;CF;3;0,05;GUANTI MONOUSO;;
F1049;GUANTI LATTICE MONOUSO PLUS 100p XL;;;CF;3;0,05;GUANTI MONOUSO;;
F1164;GUANTI SIMILATEX LARGE 100pz;;;CF;1,8;0,22;GUANTI MONOUSO;;
F1163;GUANTI SIMILATEX MEDIO 100pz;;;CF;1,8;0,22;GUANTI MONOUSO;;
F1162;GUANTI SIMILATEX SMALL 100pz;;;CF;1,8;0,22;GUANTI MONOUSO;;
F1234;GUANTI  ANTITAGLIO   TG.  MEN;;;PZ;9;0,22;GUANTI RIUTILIZZABILI;;
F1233;GUANTI LATTICE FELPATI CF. 12 PZ L;;;CF;9;0,22;GUANTI RIUTILIZZABILI;;
F1232;GUANTI LATTICE FELPATI CF. 12 PZ M;;;CF;9;0,22;GUANTI RIUTILIZZABILI;;
F1432;GUANTI LATTICE FELPATI CF. 12 PZ S;;;CF;9;0,22;GUANTI RIUTILIZZABILI;;
F1433;GUANTI LATTICE FELPATI CF. 12 PZ XL;;;CF;9;0,22;GUANTI RIUTILIZZABILI;;
F1259;GUANTI PELLE  CROSTA D/TELA Tg. 10*;;;PA;2,6;0,22;GUANTI RIUTILIZZABILI;;
F1321;"GUANTI UNIVERSAL INDUST. NITRILE   ""M";;;PA;3,3;0,22;GUANTI RIUTILIZZABILI;;
F1057;"GUANTI UNIVERSAL INDUST. NITRILE  ""L""";;;PA;3,3;0,22;GUANTI RIUTILIZZABILI;;
F1065;"GUANTI UNIVERSAL INDUST. NITRILE ""XL""";;;PA;3,3;0,22;GUANTI RIUTILIZZABILI;;
F1228;"GUANTI VILEDA DOPPIA PROT.NEOP  ""L""10 PZ ";;;CF;23;0,22;GUANTI RIUTILIZZABILI;;
F1227;"GUANTI VILEDA DOPPIA PROT.NEOP  ""M""10 PZ ";;;CF;23;0,22;GUANTI RIUTILIZZABILI;;
F1261;"GUANTI VILEDA DOPPIA PROT.NEOP ""XL 10 PZ";;;CF;23;0,22;GUANTI RIUTILIZZABILI;;
F1199;GUANTI VILEDA SATIN.NOFELPATI  L 10 PZ;;;CF;14;0,22;GUANTI RIUTILIZZABILI;;
F1054;GUANTI VILEDA SATIN.NOFELPATI  M 10 PZ;;;CF;14;0,22;GUANTI RIUTILIZZABILI;;
F1435;"GUANTI VILEDA SATIN.NOFELPATI tg.""XL"" 10 PZ ";;;CF;14;0,22;GUANTI RIUTILIZZABILI;;
C1102;MASCHERINA IN COT.DOPPIO STRATO LAVAB;;;PZ;0,1;0,22;ABBIGLIAMENTO  MONOUSO E DPI;;
C1132;COPRISCARPA IN CPE BLU C/ELAS 100pz *;;;CF;6,5;0,05;ABBIGLIAMENTO  MONOUSO E DPI;;
C1617;TUTA CON CAPPUCCIO BIANCA MIS. XL;;;PZ;2;0,05;ABBIGLIAMENTO  MONOUSO E DPI;;
F1083;CUFFIA TNT ROTONDA CON ELASTICO 100 p;;;CF;6;0,05;ABBIGLIAMENTO  MONOUSO E DPI;;
F1203;MASCHERINA CHIRURG.TNT AZZ 3V C/NASO;;;PZ;0,1;0,05;ABBIGLIAMENTO  MONOUSO E DPI;;
F1280;CAMICE TNT BIANCO GR.30 C/BOTTONI TG.;;;PZ;1,5;0,05;ABBIGLIAMENTO  MONOUSO E DPI;;
F1283;MANICOTTI PLT BIANC  100pz;;;CT;18;0,05;ABBIGLIAMENTO  MONOUSO E DPI;;
F1304;OCCHIALE PROTETTIVO;;;PZ;2,8;0,05;ABBIGLIAMENTO  MONOUSO E DPI;;
F1407;VISIERA PROTETTIVA;;;PZ;1;0,05;ABBIGLIAMENTO  MONOUSO E DPI;;
F1416;MASCHERINA FILTRANTE  FFP2/V EN149;;;PZ;0,18;0,05;ABBIGLIAMENTO  MONOUSO E DPI;;
F1616;CAMICE TNT BIANCO GR.30 C/BOTTONI;;;PZ;1,5;0,05;ABBIGLIAMENTO  MONOUSO E DPI;;
F1490;CAMICE UNISEX VERDE TG. S;;;PZ;16;0,22;CAMICI IN TESSUTO;;
F1491;CAMICE UNISEX VERDE TG. M;;;PZ;16;0,22;CAMICI IN TESSUTO;;
F1492;CAMICE UNISEX VERDE TG. L;;;PZ;16;0,22;CAMICI IN TESSUTO;;
F1493;CAMICE UNISEX VERDE TG. XL;;;PZ;16;0,22;CAMICI IN TESSUTO;;
F1494;CAMICE UNISEX VERDE TG. XXL;;;PZ;16;0,22;CAMICI IN TESSUTO;;
A1094;ACQUA OSSIGENATA  10 vol. 250 ml;;;PZ;0,8;0,22;PRONTO SOCCORSO FARMACIA;;
A1056;AMUCHINA GEL X GERM MANI  Lt.5;;;TA;28;0,05;PRONTO SOCCORSO FARMACIA;;
A1169;AMUCHINA SAPONE IGIENIZZANTE MANI 5L;;;TA;18;0,22;PRONTO SOCCORSO FARMACIA;;
D1024;BENDA DI GARZA ORLATA cm 10 x mt 5;;;PZ;0,88;0,22;PRONTO SOCCORSO FARMACIA;;
D1160;BENDA DI GARZA ORLATA cm 5 x mt.5;;;PZ;0,6;0,22;PRONTO SOCCORSO FARMACIA;;
D1028;BENDA ELASTICA C/FERMABENDE cm 10x4.5;;;PZ;2;0,22;PRONTO SOCCORSO FARMACIA;;
F1411;BORSETTA PRONTO SOCCORSO SOFTKIT 15x1;;;PZ;5,2;0,22;PRONTO SOCCORSO FARMACIA;;
D1005;CEROTTI  CLASSICI  cm7x2  20 pz LAVAB;;;CF;1;0,22;PRONTO SOCCORSO FARMACIA;;
D1016;CEROTTI ASSORTITI  4 MISURE- 50 PEZZI;;;CF;1,5;0,22;PRONTO SOCCORSO FARMACIA;;
D1017;CEROTTO A STRISCIA IPOALLERGEN.cm 6x1;;;CF;1,9;0,22;PRONTO SOCCORSO FARMACIA;;
D1023;CEROTTO ROCCHETTO TNT cm  5  x 5 mt;;;PZ;2;0,22;PRONTO SOCCORSO FARMACIA;;
D1022;CEROTTO ROCCHETTO TNT cm 2.5 x 5 mt;;;PZ;1,6;0,22;PRONTO SOCCORSO FARMACIA;;
F1404;COMPRESSE GARZA STERILE 18x40  Cf.12;;;CF;2;0,22;PRONTO SOCCORSO FARMACIA;;
D1167;COPERTA  ISOTERMICA  POL/METALL 210x1;;;PZ;2,1;0,22;PRONTO SOCCORSO FARMACIA;;
F1384;COPERTA ANTIFIAMMA EN1869 cm.120x180;;;PZ;42;0,22;PRONTO SOCCORSO FARMACIA;;
F1124;COTONE  IDROFILO PURO COTONE  gr .100;;;PZ;1,4;0,22;PRONTO SOCCORSO FARMACIA;;
A1103;DISINFETTANTE  PER LA CUTE  ml. 250;;;PZ;1,8;0,22;PRONTO SOCCORSO FARMACIA;;
F1372;FORBICI  cm.10  MANICO ABS;;;PZ;0,6;0,22;PRONTO SOCCORSO FARMACIA;;
F1364;FORBICI TAGLIABENDAGGI cm.14,5  INOX;;;PZ;2,5;0,22;PRONTO SOCCORSO FARMACIA;;
D1021;GARZA STERILE 10x10  Cf.25 pz;;;CF;0,39;0,22;PRONTO SOCCORSO FARMACIA;;
D1025;GHIACCIO ISTANTANEO  BUSTA TNT gr 275;;;PZ;0,7;0,22;PRONTO SOCCORSO FARMACIA;;
A1107;GHIACCIO SPRAY  200 ml    PMS;;;PZ;2,9;0,1;PRONTO SOCCORSO FARMACIA;;
F1402;GUANTI STERILI MONOUSO ( PAIO);;;PA;0,35;0,05;PRONTO SOCCORSO FARMACIA;;
F1403;JODOPOVIDONE 10%  FLACONE 125 ml;;;PZ;2,9;0,22;PRONTO SOCCORSO FARMACIA;;
F1400;JODOPOVIDONE 10%  FLACONE 500 ml;;;PZ;6,5;0,22;PRONTO SOCCORSO FARMACIA;;
F1436;LACCIO EMOSTATICO PIATTO IN NITRILE;;;PZ;0,52;0,22;PRONTO SOCCORSO FARMACIA;;
F1383;MISURATORE PRESS. RAPOD WRIST PIC BLU;;;PZ;70;0,22;PRONTO SOCCORSO FARMACIA;;
F1381;MISURATORE PRESSIONE C/FONENDOSCOPIO;;;PZ;10;0,22;PRONTO SOCCORSO FARMACIA;;
F1393;MISURATORE PRESSIONE DIGIT. AUTOMATIC;;;PZ;52;0,22;PRONTO SOCCORSO FARMACIA;;
F1377;ARMADIO P.S. 2ANTE + PACCO MAGG. + SFIGM.;;;PZ;88;0,22;PRONTO SOCCORSO FARMACIA;;
F1385;ARMADIO P.S. 2ANTE + PACCO MAGG. NO SFIGM.;;;PZ;78;0,22;PRONTO SOCCORSO FARMACIA;;
F1376;ARMADIO P.S. IN METALLO + PACCO BASE + SFIGM.;;;PZ;77;0,22;PRONTO SOCCORSO FARMACIA;;
F1378;ARMADIO P.S. IN METALLO + PACCO BASE  NO SFIGM.;;;PZ;67;0,22;PRONTO SOCCORSO FARMACIA;;
F1417;ARMADIETTO VUOTO IN METALLO - 1 ANTA;;;PZ;35;0,22;PRONTO SOCCORSO FARMACIA;;
F1418;ARMADIETTO VUOTO IN PLASTICA - 2 ANTE;;;PZ;40;0,22;PRONTO SOCCORSO FARMACIA;;
F1380;PACCO REINTEGRO P.S. ALL-1 MAGG. + SFIGM.;;;PZ;48;0,22;PRONTO SOCCORSO FARMACIA;;
F1379;PACCO REINTEGRO P.S. ALL-1 BASE C/SFI;;;PZ;42;0,22;PRONTO SOCCORSO FARMACIA;;
F1394;PACCO REINTEGRO P.S. ALL-1 BASE NO SF;;;PZ;32;0,22;PRONTO SOCCORSO FARMACIA;;
F1388;PACCO REINTEGRO P.S. ALL-1 MAGG.NO SF;;;PZ;38;0,22;PRONTO SOCCORSO FARMACIA;;
F1406;PINZETTE STERILI  MONOUSO;;;PZ;0,8;0,22;PRONTO SOCCORSO FARMACIA;;
F1405;RETE TUBOL ELASTICA Calibro3-50 METRI;;;PZ;7;0,22;PRONTO SOCCORSO FARMACIA;;
F1410;SACCHETTO MONOUSO x RIFIUTI SANITcm 2;;;PZ;0,4;0,22;PRONTO SOCCORSO FARMACIA;;
F1397;SOLUZIONE FISIOL. SODIO-CLOR 0.9%  50;;;PZ;2,3;0,22;PRONTO SOCCORSO FARMACIA;;
F1408;TELO STERILE AZZ ASSORBENTE  cm75x90;;;PZ;2;0,22;PRONTO SOCCORSO FARMACIA;;
F1409;TELO STERILE TNT MONOUSO 40x60;;;PZ;0,54;0,22;PRONTO SOCCORSO FARMACIA;;
D1238;TERMOMETRO  VEDO ECOPLUS AL GALLIO;;;PZ;6,5;0,05;PRONTO SOCCORSO FARMACIA;;
D1239;TERMOMETRO DIGITALE  NORMA CE;;;PZ;4,5;0,05;PRONTO SOCCORSO FARMACIA;;
D1027;TERMOMETRO DIGITALE INFRAROSSI A PIST;;;PZ;28;0,05;PRONTO SOCCORSO FARMACIA;;
F1401;VALIGETTA MEDICA ALL-1 C/SFIG.;;;PZ;59;0,22;PRONTO SOCCORSO FARMACIA;;
C1522;ASSORBENTI ULTRA ANATOMIC 16pz;;;CF;2;0,05;PRONTO SOCCORSO FARMACIA;;
A1019;AMUCHINA MENSOLA PER GEL  500 ml;;;PZ;3,5;0,05;IGIENIZZAZIONE MANI;;
E1123;PIANTANA CON DISPENSER AUTOMATICO;;;PZ;85;0,22;IGIENIZZAZIONE MANI;;
E1125;PIANTANA PER DISPENSER ELETTRON.AMUCH;;;PZ;52;0,22;IGIENIZZAZIONE MANI;;
E1126;DISPENSER ELETTRONIC AMUCHINA GEL;;;PZ;65;0,05;IGIENIZZAZIONE MANI;;
E1131;PIANTANA CON DISPENSER A GOMITO;;;PZ;65;0,22;IGIENIZZAZIONE MANI;;
F1140;POMO OTTONE PER ASTA PORTABANDIERA;;;PZ;12;0,22;BANDIERE E ACCESSORI;;
F1142;ATTACCO MURALE 3 POSTI  x  ASTE BANDI;;;PZ;79;0,22;BANDIERE E ACCESSORI;;
F1148;ATTACCO MURALE 1 POSTO x  ASTA BANDIE;;;PZ;38;0,22;BANDIERE E ACCESSORI;;
F1143;BANDIERA 100x150  REGIONE LAZIO  POL.;;;PZ;38;0,22;BANDIERE E ACCESSORI;;
F1149;BANDIERA 100x150 U.E.POLIESTERE NAUTI;;;PZ;24;0,22;BANDIERE E ACCESSORI;;
F1150;BANDIERA 100x150  ITALIA POLIEST.NAUT;;;PZ;20;0,22;BANDIERE E ACCESSORI;;
F1265;BANDIERA 200x300 ITALIA POLIESTE.NAUT;;;PZ;90;0,22;BANDIERE E ACCESSORI;;
F1267;BANDIERA 200x300 U.E POLIESTER. NAUTI;;;PZ;90;0,22;BANDIERE E ACCESSORI;;
F1309;BANDIERA 150x225  ITALIA POLIEST.NAUT;;;PZ;40;0,22;BANDIERE E ACCESSORI;;
F1311;BANDIERA 150x225  U.E.POLIESTERE NAUT;;;PZ;48;0,22;BANDIERE E ACCESSORI;;
F1320;BANDIERA 200x300 REGIONE LAZIO POL/NA;;;PZ;116;0,22;BANDIERE E ACCESSORI;;
F1396;BANDIERA 150x225 REGIONE LAZIO POLIES;;;PZ;65;0,22;BANDIERE E ACCESSORI;;
E1155;SCALA  ALLUMINIO  -EN 131-  5 GRADINI;;;PZ;55;0,22;CANCELLERIA E ALTRO;;
E1157;SCALA  ALLUMINIO - EN 131 - 6 GRADINI;;;PZ;60;0,22;CANCELLERIA E ALTRO;;
F1132;GESSO BIANCO ANITIP.NON TOSSICO Cf.10;;;CF;3,5;0,22;CANCELLERIA E ALTRO;;
F1133;GESSO BIANCO NON TOSSIC.GIOTTO 100pz;;;CF;4,8;0,22;CANCELLERIA E ALTRO;;
F1152;CANCELLINO MAGNETICO CON IMPUGNATURA;;;PZ;3,8;0,22;CANCELLERIA E ALTRO;;
F1205;PENNARELLO x LAVAGNA Q-CONNECT NERO C;;;CF;8;0,22;CANCELLERIA E ALTRO;;
F1210;GESSI COLORATI ANTIPOLVERE 100 PZ;;;CF;9,8;0,22;CANCELLERIA E ALTRO;;
F1248;CANCELLINO IGIENICO C/IPUGNATURA PLAS;;;PZ;2,2;0,22;CANCELLERIA E ALTRO;;
E1062;TAPPETO MANGIASPORCO 90X150 ANTRACITE;;;PZ;42;0,22;CANCELLERIA E ALTRO;;
E1064;TAPPETO MANGIASPORCO 90X150 ROSSO;;;PZ;42;0,22;CANCELLERIA E ALTRO;;
C1312;CARTELLO 20x20 FRECCE DIREZIONALI;;;PZ;5;0,22;CARTELLI E SEGNALETICA;;
C1310;CARTELLO 30x20   POSTO FUMO;;;PZ;5;0,22;CARTELLI E SEGNALETICA;;
C1238;CARTELLO 30x20  PERICOLO GENERICO;;;PZ;5;0,22;CARTELLI E SEGNALETICA;;
C1239;CARTELLO 30x20 ALTA TENSIONE;;;PZ;5;0,22;CARTELLI E SEGNALETICA;;
C1302;CARTELLO 30x20 ARCHIVIO;;;PZ;5;0,22;CARTELLI E SEGNALETICA;;
C1166;CARTELLO 30x20 ATTENZ.PASSAGGIO VEICO;;;PZ;5;0,22;CARTELLI E SEGNALETICA;;
C1303;CARTELLO 30x20 ATTENZIONE GRADINO;;;PZ;5;0,22;CARTELLI E SEGNALETICA;;
C1388;CARTELLO 30x20 CASO INCENDIO NO USO A;;;PZ;5;0,22;CARTELLI E SEGNALETICA;;
C1227;CARTELLO 30x20 CASSETTA PRONTO SOCCOR;;;PZ;5;0,22;CARTELLI E SEGNALETICA;;
C1309;CARTELLO 30x20 CENTRALE TERMICA;;;PZ;5;0,22;CARTELLI E SEGNALETICA;;
C1251;CARTELLO 30x20 DIVIETO DI PASSAGGIO;;;PZ;5;0,22;CARTELLI E SEGNALETICA;;
C1305;CARTELLO 30x20 ESTINTORE N.;;;PZ;5;0,22;CARTELLI E SEGNALETICA;;
C1252;CARTELLO 30x20 INFERMERIA;;;PZ;5;0,22;CARTELLI E SEGNALETICA;;
C1319;CARTELLO 30x20 INTERRUTTORE GENERALE;;;PZ;5;0,22;CARTELLI E SEGNALETICA;;
C1230;CARTELLO 30x20 LANCIA ANTINC. IDRANTE;;;PZ;5;0,22;CARTELLI E SEGNALETICA;;
C1237;CARTELLO 30x20 NON USARE ASCENSORE;;;PZ;5;0,22;CARTELLI E SEGNALETICA;;
C1247;CARTELLO 30x20 NON USARE ASCENSORE;;;PZ;5;0,22;CARTELLI E SEGNALETICA;;
C1371;CARTELLO 30x20 P/ ALLARME ANTINCENDIO;;;PZ;5;0,22;CARTELLI E SEGNALETICA;;
C1262;CARTELLO 30x20 PARCHEGGIO INCUSTODITO;;;PZ;5;0,22;CARTELLI E SEGNALETICA;;
C1264;CARTELLO 30x20 PARCHEGGIO RISERVATO;;;PZ;5;0,22;CARTELLI E SEGNALETICA;;
C1391;CARTELLO 30x20 PASSAGGIO OBBL.PEDONI;;;PZ;5;0,22;CARTELLI E SEGNALETICA;;
C1323;CARTELLO 30x20 PASSO CARRABILE;;;PZ;5;0,22;CARTELLI E SEGNALETICA;;
C1306;CARTELLO 30x20 PERICOLO INCENDIO;;;PZ;5;0,22;CARTELLI E SEGNALETICA;;
C1330;CARTELLO 30x20 PORTA ALLARMATA;;;PZ;5;0,22;CARTELLI E SEGNALETICA;;
C1025;CARTELLO 30x20 PULSANTE PERICOLO EMER;;;PZ;5;0,22;CARTELLI E SEGNALETICA;;
C1314;CARTELLO 30x20 QUADRO ELETTRICO;;;PZ;5;0,22;CARTELLI E SEGNALETICA;;
C1380;CARTELLO 30x20 SCALA EMERG. A SALIRE;;;PZ;5;0,22;CARTELLI E SEGNALETICA;;
C1244;CARTELLO 30x20 SOSTA VIETATA;;;PZ;5;0,22;CARTELLI E SEGNALETICA;;
C1325;CARTELLO 30x20 TELEFONO EMERGENZA;;;NR;5;0,22;CARTELLI E SEGNALETICA;;
C1372;CARTELLO 30x20 USCITA EMERG.ALLARMATA;;;PZ;5;0,22;CARTELLI E SEGNALETICA;;
C1348;CARTELLO 30x20 USCITA EMERGENZA;;;PZ;5;0,22;CARTELLI E SEGNALETICA;;
C1258;CARTELLO 30x20 USCITA VEICOLI NON SOS;;;PZ;5;0,22;CARTELLI E SEGNALETICA;;
C1232;CARTELLO 30x20 VIETATO ACC.  PERS/MEZ;;;PZ;5;0,22;CARTELLI E SEGNALETICA;;
C1228;CARTELLO 30x20 VIETATO FUMARE C/NORME;;;PZ;5;0,22;CARTELLI E SEGNALETICA;;
C1290;CARTELLO 30x20 VIETATO INGRESSO NO AD;;;PZ;5;0,22;CARTELLI E SEGNALETICA;;
C1246;CARTELLO 30x20 VIETATO L'ACCESSO;;;PZ;5;0,22;CARTELLI E SEGNALETICA;;
C1245;CARTELLO 30x20 VIETATO L'INGRESSO;;;PZ;5;0,22;CARTELLI E SEGNALETICA;;
C1382;CARTELLO 35x12  EMERGENZA A SCENDERE;;;PZ;6,5;0,22;CARTELLI E SEGNALETICA;;
C1320;CARTELLO 35x12  SCALA EMERGENZA DX;;;PZ;6,5;0,22;CARTELLI E SEGNALETICA;;
C1381;CARTELLO 35x12 EMERGENZA A SCENDERE S;;;PZ;6,5;0,22;CARTELLI E SEGNALETICA;;
C1321;CARTELLO 35x12 SCALA EMERGENZA SX;;;PZ;6,5;0,22;CARTELLI E SEGNALETICA;;
C1308;CARTELLO 35x12 USCITA EMERGENZA DX;;;PZ;6,5;0,22;CARTELLI E SEGNALETICA;;
C1292;CARTELLO 35x12 USCITA EMERGENZA IN BA;;;PZ;6,5;0,22;CARTELLI E SEGNALETICA;;
C1307;CARTELLO 35x12 USCITA EMERGENZA SX;;;PZ;6,5;0,22;CARTELLI E SEGNALETICA;;
C1158;CATENA DI DELIMITAZIONE x SEGNALE AL;;;MT;1,5;0,22;CARTELLI E SEGNALETICA;;
C1282;NASTRO  SEG.GIALLO/NERO   mt.200  H.7;;;RT;8;0,22;CARTELLI E SEGNALETICA;;
F1098;STRISCIA ANTISCIVOLO ADESIVA mm .19x6;;;PZ;1,5;0,22;CARTELLI E SEGNALETICA;;
